sequence,label
CGACCGCCACCGGAGTCAGA,0
AAGCCGTAATACTCAGTTCA,0
AACCGTTGTCCTGTGTTCGG,0
CCGTGCAATGCCTCTGATAT,0
CGCACTTTAACTATCTGTCG,1
CTAGCATCAACCGGGAGCAA,0
TATCGAAAAGTTATAACCTC,1
GGCGGTCTCGTTACGCCATA,1
TCGAGTCAGGTGCACCGTGG,0
CAGTCCCTCGCATAAGTGTT,0
AGGAGCGATTAAGAGAGGGC,0
TCGATACTCGAACTTTTAGG,0
CGGCAATAGTCCGCGGAAGG,0
ATCAGTCACCCCCATCCGCC,1
GGTCTGTTGATAACCAGGAA,1
TGGGTGAATCTAACTGGTAC,0
TGTCATGGGGGTAACCGTTG,0
CCTAAGCTCAGGATCGGACG,1
TATTATCGTAGGCTTGACCT,1
TAAATCTCCGGCACAGAACA,1
TTAGCTCCTGGCGGTCATTT,0
AGGGCACGATGCTCAATTTG,1
ATCAGGACGCTGCTTTATGA,0
GTCGGCTTATTTAGCACAGC,0
ATTTCTACAACGGCATAGAG,1
GAAAGAGAATGATTAGACGT,0
TGGTCTCAATGAAGTGTCTC,0
CGGTCATGGCGTGACAGCGG,1
GACACTTAAGTGCTTGACAC,0
AGGTGCCATACTATCTGAGT,1
CGCTTGCTTGTTGCAACTTC,1
CTAGGGGCCCGGGTGTCGGT,0
CGTTTCCCAGCTTCTCACAG,0
GTCCGCCCAAGAGTAATTAA,1
CGTAGGGAATCTGCGGCACG,0
TTAAGGAGTGCTGGAGAAGG,0
GGAATTTATGTATGGTGTGA,1
GTGGCAATTATTCCTACCCT,0
ATTCACTGAGTCAGCCTAAA,0
AACTGATTCTTACCGTCGCT,1
ATGTTTTATTGTCGTATCGA,1
GATCTATCATCGTAAAGCCA,0
TAAGAATCAATCCCCTTGTG,1
GACGGACCAATCTTTCGTGT,0
CCGATACGAGGTCGCAACGC,1
AGGGAGATTGCCTGTTGCTC,1
TATCAACCTAGACAATCCTG,1
CTGGCCATGCATGGTTCTTA,1
CAATAGGGTCTCCTTTGCAA,1
CGCTGTGTTGGCTGGCATCT,0
TCGCTGCCAAAGTTTATAGG,0
CGTGCGACAGAGACTAGTAT,1
CACGTGCCAATATGTAAATC,0
GTAGTGGGGAGATGCCCTGT,1
GTACTTACCGCTGCTTTCCT,0
GAGAGATTAGGCGTAGCTAT,1
AACCTCTATTTAAGGTCGAG,0
TCTTCGGAGTGATGGATCGT,0
GTCCCAGGTGTCCCCTGTGG,1
GCTCCAAAGCAATCTATCTT,0
GATGATTTTCTATCCTATGT,1
CCATTTTATGGTTGCTGCAG,0
GAGTCTGCAAGGTCCCCTGG,0
AAATGATGTGCACTTAGTTT,0
TAGCCCGCACCGTGGACGTT,1
CGTATCAAAGACTACTAAAT,0
CCCCTATCATGTAATCTTTA,1
ATTGCCCCAAAAGTTGTGGC,0
TCGGCCATCTGGTTCGTAGT,1
CCCTAGTATTCTCAGAACAG,1
AAGTTCGCTGCCGCGAAATA,0
CCAGCTATTCTATCTCAGAC,1
TCGAGCGCCGCTGGCAGGTT,0
GCGCTTCCCTTTGCGTAGGT,1
TGGCCTCCGAGCCTTAAACC,1
ATCTGATTATCTAGGCTCGG,1
GCCAACGCTGACTATAATAG,1
ACAGACGTATACAAGTTAAA,1
ACAAAGGCCCACTCAGTTTC,0
TGGTGGTGTGCTAGTTCGCC,1
GTTGACAAACTTTCAACGGC,1
TAACAGCGGACATGCTGCAC,0
CCGAGATTAAAAGAAGAGTC,0
CGCTACTGTGAACTGTCTTG,1
AGTCTACGGTCGCCTAAGGT,1
GGTATTGAAGCTCTCCTTTA,0
CGCGTTGAAAGAGAGAACCT,0
CCTCAGTCTTGAACCTCACC,1
TGATACAGGCTTATATGGTT,1
CGCTGACGAACTGCTGCGAT,0
CTCTCATTTTACCATTCATG,0
AATTAATAACGATTATATTG,0
CACCGACGTTACCAATCACG,0
AAGTCCTCAAGTGGCCCTCT,1
CAAGAGGATTGGTCCGACGC,1
CCACAAAAGACTGCTACGAC,0
TGGATGCGTAACCGGCCTTT,1
CACCAACTAAGGCTGACTTT,0
GGACATGTTGGCGCGGCGCC,1
CGTCCAAAGGCATCTGCGCT,0
GGCCGAGAGAGTGACTAAAA,1
CTCCACCCAGCGCACTATTG,1
AAGGTGCAGACAAATGAGAC,1
GCAACGCCCTTATCAGCAGT,1
CTCAACTAATGGATTGCATG,0
AAGCCTCATGCCGTCTCCAC,1
ACACTCCCTTGCCGGACTCT,1
TCAGGGACACGAGGTTTCCG,0
TAAAGATTCTAAAGTTACTT,0
CGTCTAGGGAATGATTTTCG,0
TCGCTTTTCGACACATGTCT,0
CTTGCGCAGATGAACCCGAA,0
CGCGGACGCTTCGGCATGAC,0
GGAAATCGCGTTATCTTTAT,0
CTCGCTCTATACGGCGTTGT,0
CCCCGCGGGTTATATATGAT,0
CGCGTCTCGCATCAGCCGGA,0
ACATCTGTCAGGGAAAGGAC,0
ACGACGTCAGCTATCATTCT,1
TTGGGACCGTCATCAGCATT,0
ACGAACTACCCCCAAATCTA,1
AGTTAGAATACGCCCATAGG,1
GTTACAGCATTACGTCCAAG,1
AGTACAACCGAATGCGGTGG,1
CCAAGTGTCCGTCCATGTCG,0
AAATCACGATTTACAGTCTA,1
TCTCGATCTAGACCTTACTG,0
TATCGGTGCGGCCCAATGAG,1
AGGTAGGAATATCATTATGA,0
AACGACTATTGATGTATGGC,0
AAAAAGTTAATACGTCGGCA,0
ACCCCTGATTACTGCAGAAT,0
GATCACCGCTCTGAGTAGCG,1
GATATCGTGGCCGACAGCCC,0
CTTTTGTAGCCACGCATTCG,1
CGTGCGGTGGCGCCTCTACG,1
CGTTTCAGAAACGGTCTGAT,0
TTTGTGATGACACACGCTCC,0
GGTGGTTGAGGCAGTACGTT,0
CCCGAGATGGCCGTGTAGAA,0
TTACGTTGCCTGGTACGTAG,1
AGCGGCTTGCGGCCCAACGT,0
ATACTGATACTTACGCCTTA,0
CATGCAGATTTCCAAGAATG,0
GAGGTTTGCTCTTGTGTGCA,0
AACGTCTGTACAGTCTGTTA,1
CGCAGGCGTGTGTAACGCGT,1
GATGCAGCCGGCAGGGGAGG,0
AGCCCCGGAGCATTTGGACC,1
AGTCAACACATTAGAACCTG,1
ATTAGAAGTGCGAGGAAATC,0
TTATAAAAAGAGTTATGGTG,1
TAGGCCACTGCAAGCCGTTA,0
ACTGAGTAACACAGTCCCTG,1
ACCATTCGTTTTGCCGAGCT,1
ACTTCTTCTTCGACTTGACC,0
GTTCGAAAACCCCCGCCATG,1
TATTGAATAGCTTTTGAACG,1
CTTTCGAATATCAGTACGTC,0
AGCATCTGCGGTTTTCTCAT,1
AGCATACATATAAAGAGTCT,0
AAACTTCGACAGATTGCTCC,0
ATGTAACATCCGACGCTTGA,1
CACTAGATTAGAAAGGCTAG,1
GATGACGCATTGTGCCAGTG,0
CGGGTCCCATCGCCCAACTG,0
AGTATCTGTGGATGCACTTC,0
CCAAAGCAGAAGGGACAGAA,0
CCCCGGCAAGGTATACAGCT,0
CACTAGTGCCGCTGACGGGT,1
TAGACAATCCGTTGGGAGTA,0
ACCTGTAGCCGACACCCGAA,1
GAACGCCCGCTTCTCCTTCC,1
TTTGTTCAGATTACATTCCG,0
CCTTTGGCCTACCTTAATAC,1
GATAGCCCTTGTAAACCTGC,1
CATGGCTAGAGTTCCATCTA,1
ATTCCGAACCTCCTTTGTTG,1
CCCTCGCAGGGACGCGGGAG,1
TCTGCCAAACAATTGTTAGA,0
CACTTACCTCAGAATGGGAT,1
AGCTCTCCCATAAGTGATCT,0
TAACTCACAATTTGCACAAC,0
GGACCGTGTCCAAGTCTGTT,0
GACCTACACCTTTCTGAACG,0
AGCCTACGAAGTTGTAAACT,0
CCCACTATGCTTCAACGTCG,0
TTGCTCACAACCGCTTGTGA,0
AATATCGCCGAAACACGAGG,0
CCAGACGTGATCGTTCAGGT,0
GCCTCGGCATGCTGTATTTT,0
GAGTGGTTGATGATATTGAA,0
GCTCAACGGGTACATTGCAA,1
AACGAATGTTCTGGTCTAAA,1
ATTTGTTTAGGTTAATTAGA,1
GATCGACAGGCAATAAGCCC,0
ATCATCTCTCTAGCCAACTT,0
AGAGTTCCTGCAGAATTGAA,0
CGCTAGCATCCGATCCCGTC,0
GCGACGGTCGAGCTCGCGTA,0
GTCTCAGCTCTGGGGTTTTA,0
CTTCGCAGGAGTTTATTTAA,1
CCCCAGCTTCGGCCAAGCGC,1
CAAGGGACGAGCTGAATTCT,1
GCTGGTGGGCCGGTTCTTAC,1
CAATATCATACAAGCAGACT,0
GCCCTGGCGTTAGAAAAAAA,0
GACTAAGGGCTGGATGGTAT,1
ATACTGCTCCACGTTATTTG,1
GTAACGGTACCGATGGACTG,1
GAACCCATATTCTTTACCCT,1
TCAGAGGAGAGTCAATTACC,0
TAGCTTGCAACCTAGTCCCT,1
GATAGCAAACCTTACCAACA,0
AGTCCGTTGCGCCGAGAAAT,0
CTGAAGGGGGACGACCATAA,1
ACGGCGTATGGAGCACTATC,0
GTCTCCGCAACGCAGCAGCC,1
ATCGCAGTGGGTAGCCAGTG,0
GGGCACCTTGAGGCGCGTGT,0
TGTCAAAGTGATTTGTTCGC,1
CAGCTGGGCTACTACGATAG,0
CTGTGTCTTAACCGCCCAGC,0
CGTGGCAGGAATCTTATCGC,0
GCACATTATCATGCGCTTGA,0
CCACGAAGCTACTCTTTCAG,0
GCTTGGGTATTGAGGTAGTC,0
TTCTGGTGTCGGAGATCACC,0
TGGAATAGGCCACGCTAATG,0
ACCTAGTCGAACTATTACGA,0
ACGTGTGGACCGAAGAATAG,1
CTGGTAACTGCTACGTGAAC,1
ACTCCAGGTACGACACATAC,1
CATACGTTTATAGGTTTGGT,1
GTGACATGCCGGAGATGCCG,1
ATTGCCCTGAAGACACTTAC,1
TCAGACTTTCGCTCCCCATT,0
GTTATATGTTTTCGGCTAGG,1
GCGAGGGCCTCAAATTTATT,1
TCACTAACACACGATCGAAT,1
GTATTCCATAGGGCACTGAA,1
AAGTTACAGAGTCGCCAACA,1
ACGACATCCAAGTAGGCCTC,0
GCTAGAGCTGTGGAATCCGG,1
GCAATACTGGAGGGATGCTT,0
CTCCCCAAAAGTTAAATAGC,0
CTTGCAAGGCTTCGGATGTA,1
GACCGCGCGTCGGTGCGACC,0
ACTGCTTTGTTATTGCTGCT,1
CTGCATTAAGCTGATCCCTA,1
CTGTAACGATAAGACAGAGA,1
GCTTTCCCATGCTGGGCTAT,0
TGTCAAACTATTTCTACCAA,0
TGGGTTCAGTGACTCGCAGG,1
AAAACTACCATGCTGGACGC,0
GTACGACAGAGCATCGACGC,0
TCTTCAACGTCCTTCGTGAC,1
GAAGTTCCGGTGAATTATCG,1
AGTACATATTGAGTGCCGTC,0
GCTACAAAGTAGAACGCCGG,1
AGACAATTCCTTCAGTCGAC,0
GCACACTAGCCAAGTACATC,0
ACTGCGAGAGTGCATGCGCT,0
CTTATATTGGTTTCCAGTTG,0
GTGCTACCGCAGAACTATGG,1
TCGACAATACTGCTTTTCGC,1
ATTATACTACGAGACTGACA,1
CGGAACTAGCATAGTAGGCG,0
ATGTACAATAAAGGGCGACT,0
GACACTTCCATAGGATCTAC,0
TCCGGTTTTACCCTTTGCGT,1
CCGTACTTAACTGAGCGCAG,1
GCAGCAACCCACTTATCGAA,1
AACTTCGAGGTGTCCCTCAA,0
GCTGTCCATGTGTACACCGG,1
ACATCCGGGGTTACGGTTGG,1
GCTTAACGGTCACTCGTATG,0
CCTCACGTGTCACGAAAATT,1
AGCGCCCCATAGATCCTGCC,0
TGTCTAACTCATGTGAAACC,0
TGGTATATGCGGCTACTTGG,0
GATAAGATAGAAAAGCTCGA,1
ATACTATCTTACTACCAACC,0
TGAAAAGCCGAAAGGTATGG,0
TATGTGGCAGATCGTGTCTC,0
ATTGCGGGGAGGTTTGACGT,1
TCGTGTCAACCCAAGGTCAC,1
AAACTCAGACCTTAATGGGC,0
CGATTTTTATCTCTTAAAAT,0
TAGGCGCTTTAAATCCATGA,0
ACCGTCCCGTTTTTTGTGTT,1
GAGGTCGACAAGGATGTTGC,1
TATAAGCTAGTGAATTCTTA,1
CCATAACTTATTTTCGCCGA,1
CAAACGGATTGAAGGGGCCC,0
TTCGAGCAATTCATGGTATC,0
ACCGGGTCCATGTTACACTT,1
ATCTAAGGCTTGCATATCCA,1
CGGTTAGCAAGATGTCGAAC,1